<mixer>
	<!-- Output volume stage -->
	<!-- media playback volume -->
	<path name="gain-media-handset">
		<ctl name="HPOUT3L Input 1 Volume" value="28" />
		<ctl name="HPOUT3R Input 1 Volume" value="28" />
	</path>

	<path name="gain-factory-media-handset">
		<ctl name="HPOUT3L Input 1 Volume" value="28" />
		<ctl name="HPOUT3R Input 1 Volume" value="28" />
	</path>

	<path name="gain-media-speaker">
	</path>

	<path name="gain-media-headset">
		<ctl name="HPOUT2L Impedance Volume" value="107" />
		<ctl name="HPOUT2R Impedance Volume" value="107" />
		<ctl name="HPOUT2L Input 1 Volume" value="32" />
		<ctl name="HPOUT2R Input 1 Volume" value="32" />
	</path>

	<path name="gain-media-dsd64-headset">
		<ctl name="HPOUT2L Impedance Volume" value="107" />
		<ctl name="HPOUT2R Impedance Volume" value="107" />
		<ctl name="HPOUT2L Input 1 Volume" value="32" />
		<ctl name="HPOUT2R Input 1 Volume" value="32" />
	</path>

	<path name="gain-media-dsd128-headset">
		<ctl name="HPOUT2L Impedance Volume" value="107" />
		<ctl name="HPOUT2R Impedance Volume" value="107" />
		<ctl name="HPOUT2L Input 1 Volume" value="32" />
		<ctl name="HPOUT2R Input 1 Volume" value="32" />
	</path>

	<path name="gain-media-speaker-headset">
		<ctl name="HPOUT2L Impedance Volume" value="60" />
		<ctl name="HPOUT2R Impedance Volume" value="60" />
		<ctl name="HPOUT2L Input 1 Volume" value="32" />
		<ctl name="HPOUT2R Input 1 Volume" value="32" />
	</path>

	<path name="gain-media-bt-sco-headset">
	</path>

	<path name="gain-media-speaker-bt-sco-headset">
	</path>

	<!-- Ringtone playback volume -->
	<path name="gain-ringtone-handset">
		<ctl name="HPOUT3L Input 1 Volume" value="32" />
		<ctl name="HPOUT3R Input 1 Volume" value="32" />
	</path>

	<path name="gain-ringtone-speaker">
	</path>

	<path name="gain-ringtone-headset">
		<ctl name="HPOUT2L Impedance Volume" value="107" />
		<ctl name="HPOUT2R Impedance Volume" value="107" />
		<ctl name="HPOUT2L Input 1 Volume" value="32" />
		<ctl name="HPOUT2R Input 1 Volume" value="32" />
	</path>

	<path name="gain-ringtone-speaker-headset">
		<ctl name="HPOUT2L Impedance Volume" value="60" />
		<ctl name="HPOUT2R Impedance Volume" value="60" />
		<ctl name="HPOUT2L Input 1 Volume" value="32" />
		<ctl name="HPOUT2R Input 1 Volume" value="32" />
	</path>

	<path name="gain-ringtone-bt-sco-headset">
	</path>

	<path name="gain-ringtone-speaker-bt-sco-headset">
	</path>

	<!-- Communication playback volume -->
	<path name="gain-communication-handset">
		<ctl name="HPOUT3L Input 1 Volume" value="30" />
		<ctl name="HPOUT3R Input 1 Volume" value="30" />
	</path>

	<path name="gain-communication-speaker">
	</path>

	<path name="gain-communication-dex-speaker">
	</path>

	<path name="gain-communication-headset">
		<ctl name="HPOUT2L Impedance Volume" value="103" />
		<ctl name="HPOUT2R Impedance Volume" value="103" />
		<ctl name="HPOUT2L Input 1 Volume" value="35" />
		<ctl name="HPOUT2R Input 1 Volume" value="35" />
	</path>

	<path name="gain-communication-headphone">
		<ctl name="HPOUT2L Impedance Volume" value="103" />
		<ctl name="HPOUT2R Impedance Volume" value="103" />
		<ctl name="HPOUT2L Input 1 Volume" value="35" />
		<ctl name="HPOUT2R Input 1 Volume" value="35" />
	</path>

	<path name="gain-communication-bt-sco-headset">
	</path>

	<!-- samsung voip playback volume -->
	<path name="gain-samsung_voip-handset">
		<ctl name="HPOUT3L Input 1 Volume" value="32" />
		<ctl name="HPOUT3R Input 1 Volume" value="32" />
	</path>

	<path name="gain-samsung_voip-speaker">
	</path>

	<path name="gain-samsung_voip-dex-speaker">
	</path>

	<path name="gain-samsung_voip-headset">
		<ctl name="HPOUT2L Impedance Volume" value="112" />
		<ctl name="HPOUT2R Impedance Volume" value="112" />
		<ctl name="HPOUT2L Input 1 Volume" value="32" />
		<ctl name="HPOUT2R Input 1 Volume" value="32" />
	</path>

	<path name="gain-samsung_voip-headphone">
		<ctl name="HPOUT2L Impedance Volume" value="112" />
		<ctl name="HPOUT2R Impedance Volume" value="112" />
		<ctl name="HPOUT2L Input 1 Volume" value="32" />
		<ctl name="HPOUT2R Input 1 Volume" value="32" />
	</path>

	<path name="gain-samsung_voip-bt-sco-headset">
	</path>

	<!-- samsung voip fmc playback volume -->
	<path name="gain-samsung_voip_fmc-handset">
		<ctl name="HPOUT3L Input 1 Volume" value="32" />
		<ctl name="HPOUT3R Input 1 Volume" value="32" />
	</path>

	<path name="gain-samsung_voip_fmc-speaker">
	</path>

	<path name="gain-samsung_voip_fmc-dex-speaker">
	</path>

	<path name="gain-samsung_voip_fmc-headset">
		<ctl name="HPOUT2L Impedance Volume" value="112" />
		<ctl name="HPOUT2R Impedance Volume" value="112" />
		<ctl name="HPOUT2L Input 1 Volume" value="32" />
		<ctl name="HPOUT2R Input 1 Volume" value="32" />
	</path>

	<path name="gain-samsung_voip_fmc-headphone">
		<ctl name="HPOUT2L Impedance Volume" value="112" />
		<ctl name="HPOUT2R Impedance Volume" value="112" />
		<ctl name="HPOUT2L Input 1 Volume" value="32" />
		<ctl name="HPOUT2R Input 1 Volume" value="32" />
	</path>

	<path name="gain-samsung_voip_fmc-bt-sco-headset">
	</path>

	<!-- voip playback volume -->
	<path name="gain-voip-handset">
		<ctl name="HPOUT3L Input 1 Volume" value="32" />
		<ctl name="HPOUT3R Input 1 Volume" value="32" />
	</path>

	<path name="gain-voip-speaker">
	</path>

	<path name="gain-voip-dex-speaker">
	</path>

	<path name="gain-voip-headset">
		<ctl name="HPOUT2L Impedance Volume" value="91" />
		<ctl name="HPOUT2R Impedance Volume" value="91" />
		<ctl name="HPOUT2L Input 1 Volume" value="32" />
		<ctl name="HPOUT2R Input 1 Volume" value="32" />
	</path>

	<path name="gain-voip-headphone">
		<ctl name="HPOUT2L Impedance Volume" value="91" />
		<ctl name="HPOUT2R Impedance Volume" value="91" />
		<ctl name="HPOUT2L Input 1 Volume" value="32" />
		<ctl name="HPOUT2R Input 1 Volume" value="32" />
	</path>

	<path name="gain-voip-bt-sco-headset">
	</path>

	<!-- wificall nb playback volume -->
	<path name="gain-wificall_nb-handset">
		<ctl name="HPOUT3L Input 1 Volume" value="32" />
		<ctl name="HPOUT3R Input 1 Volume" value="32" />
	</path>

	<path name="gain-wificall_nb-speaker">
	</path>

	<path name="gain-wificall_nb-dex-speaker">
	</path>

	<path name="gain-wificall_nb-headset">
		<ctl name="HPOUT2L Impedance Volume" value="106" />
		<ctl name="HPOUT2R Impedance Volume" value="106" />
		<ctl name="HPOUT2L Input 1 Volume" value="32" />
		<ctl name="HPOUT2R Input 1 Volume" value="32" />
	</path>

	<path name="gain-wificall_nb-headphone">
		<ctl name="HPOUT2L Impedance Volume" value="106" />
		<ctl name="HPOUT2R Impedance Volume" value="106" />
		<ctl name="HPOUT2L Input 1 Volume" value="32" />
		<ctl name="HPOUT2R Input 1 Volume" value="32" />
	</path>

	<path name="gain-wificall_nb-bt-sco-headset">
	</path>

	<!-- wificall wb playback volume -->
	<path name="gain-wificall_wb-handset">
		<ctl name="HPOUT3L Input 1 Volume" value="32" />
		<ctl name="HPOUT3R Input 1 Volume" value="32" />
	</path>

	<path name="gain-wificall_wb-speaker">
	</path>

	<path name="gain-wificall_wb-dex-speaker">
	</path>

	<path name="gain-wificall_wb-headset">
		<ctl name="HPOUT2L Impedance Volume" value="112" />
		<ctl name="HPOUT2R Impedance Volume" value="112" />
		<ctl name="HPOUT2L Input 1 Volume" value="32" />
		<ctl name="HPOUT2R Input 1 Volume" value="32" />
	</path>

	<path name="gain-wificall_wb-headphone">
		<ctl name="HPOUT2L Impedance Volume" value="112" />
		<ctl name="HPOUT2R Impedance Volume" value="112" />
		<ctl name="HPOUT2L Input 1 Volume" value="32" />
		<ctl name="HPOUT2R Input 1 Volume" value="32" />
	</path>

	<path name="gain-wificall_wb-bt-sco-headset">
	</path>

	<!-- wificall evs playback volume -->
	<path name="gain-wificall_evs-handset">
		<ctl name="HPOUT3L Input 1 Volume" value="32" />
		<ctl name="HPOUT3R Input 1 Volume" value="32" />
	</path>

	<path name="gain-wificall_evs-speaker">
	</path>

	<path name="gain-wificall_evs-dex-speaker">
	</path>

	<path name="gain-wificall_evs-headset">
		<ctl name="HPOUT2L Impedance Volume" value="112" />
		<ctl name="HPOUT2R Impedance Volume" value="112" />
		<ctl name="HPOUT2L Input 1 Volume" value="32" />
		<ctl name="HPOUT2R Input 1 Volume" value="32" />
	</path>

	<path name="gain-wificall_evs-headphone">
		<ctl name="HPOUT2L Impedance Volume" value="112" />
		<ctl name="HPOUT2R Impedance Volume" value="112" />
		<ctl name="HPOUT2L Input 1 Volume" value="32" />
		<ctl name="HPOUT2R Input 1 Volume" value="32" />
	</path>

	<path name="gain-wificall_evs-bt-sco-headset">
	</path>

	<!-- Video call playback volume -->
	<path name="gain-video_call-handset">
		<ctl name="HPOUT3L Input 1 Volume" value="32" />
		<ctl name="HPOUT3R Input 1 Volume" value="32" />
	</path>

	<path name="gain-video_call-speaker">
	</path>

	<path name="gain-video_call-dex-speaker">
	</path>

	<path name="gain-video_call-headset">
		<ctl name="HPOUT2L Impedance Volume" value="106" />
		<ctl name="HPOUT2R Impedance Volume" value="106" />
		<ctl name="HPOUT2L Input 1 Volume" value="32" />
		<ctl name="HPOUT2R Input 1 Volume" value="32" />
	</path>

	<path name="gain-video_call-headphone">
		<ctl name="HPOUT2L Impedance Volume" value="106" />
		<ctl name="HPOUT2R Impedance Volume" value="106" />
		<ctl name="HPOUT2L Input 1 Volume" value="32" />
		<ctl name="HPOUT2R Input 1 Volume" value="32" />
	</path>

	<path name="gain-video_call-bt-sco-headset">
	</path>

	<!-- VoLTE CP NB playback volume -->
	<path name="gain-volte_cp_nb-handset">
		<ctl name="HPOUT3L Input 1 Volume" value="32" />
		<ctl name="HPOUT3R Input 1 Volume" value="32" />
	</path>

	<path name="gain-volte_cp_nb-speaker">
	</path>

	<path name="gain-volte_cp_nb-dex-speaker">
	</path>

	<path name="gain-volte_cp_nb-headset">
		<ctl name="HPOUT2L Impedance Volume" value="106" />
		<ctl name="HPOUT2R Impedance Volume" value="106" />
		<ctl name="HPOUT2L Input 1 Volume" value="32" />
		<ctl name="HPOUT2R Input 1 Volume" value="32" />
	</path>

	<path name="gain-volte_cp_nb-headphone">
		<ctl name="HPOUT2L Impedance Volume" value="106" />
		<ctl name="HPOUT2R Impedance Volume" value="106" />
		<ctl name="HPOUT2L Input 1 Volume" value="32" />
		<ctl name="HPOUT2R Input 1 Volume" value="32" />
	</path>

	<path name="gain-volte_cp_nb-bt-sco-headset">
	</path>

	<!-- VoLTE VT CP NB playback volume -->
	<path name="gain-volte_vt_cp_nb-handset">
		<ctl name="HPOUT3L Input 1 Volume" value="32" />
		<ctl name="HPOUT3R Input 1 Volume" value="32" />
	</path>

	<path name="gain-volte_vt_cp_nb-speaker">
	</path>

	<path name="gain-volte_vt_cp_nb-dex-speaker">
	</path>

	<path name="gain-volte_vt_cp_nb-headset">
		<ctl name="HPOUT2L Impedance Volume" value="106" />
		<ctl name="HPOUT2R Impedance Volume" value="106" />
		<ctl name="HPOUT2L Input 1 Volume" value="32" />
		<ctl name="HPOUT2R Input 1 Volume" value="32" />
	</path>

	<path name="gain-volte_vt_cp_nb-headphone">
		<ctl name="HPOUT2L Impedance Volume" value="106" />
		<ctl name="HPOUT2R Impedance Volume" value="106" />
		<ctl name="HPOUT2L Input 1 Volume" value="32" />
		<ctl name="HPOUT2R Input 1 Volume" value="32" />
	</path>

	<path name="gain-volte_vt_cp_nb-bt-sco-headset">
	</path>

	<!-- VoLTE CP WB playback volume -->
	<path name="gain-volte_cp_wb-handset">
		<ctl name="HPOUT3L Input 1 Volume" value="32" />
		<ctl name="HPOUT3R Input 1 Volume" value="32" />
	</path>

	<path name="gain-volte_cp_wb-speaker">
	</path>

	<path name="gain-volte_cp_wb-dex-speaker">
	</path>

	<path name="gain-volte_cp_wb-headset">
		<ctl name="HPOUT2L Impedance Volume" value="112" />
		<ctl name="HPOUT2R Impedance Volume" value="112" />
		<ctl name="HPOUT2L Input 1 Volume" value="32" />
		<ctl name="HPOUT2R Input 1 Volume" value="32" />
	</path>

	<path name="gain-volte_cp_wb-headphone">
		<ctl name="HPOUT2L Impedance Volume" value="112" />
		<ctl name="HPOUT2R Impedance Volume" value="112" />
		<ctl name="HPOUT2L Input 1 Volume" value="32" />
		<ctl name="HPOUT2R Input 1 Volume" value="32" />
	</path>

	<path name="gain-volte_cp_wb-bt-sco-headset">
	</path>

	<!-- VoLTE VT CP WB playback volume -->
	<path name="gain-volte_vt_cp_wb-handset">
		<ctl name="HPOUT3L Input 1 Volume" value="32" />
		<ctl name="HPOUT3R Input 1 Volume" value="32" />
	</path>

	<path name="gain-volte_vt_cp_wb-speaker">
	</path>

	<path name="gain-volte_vt_cp_wb-dex-speaker">
	</path>

	<path name="gain-volte_vt_cp_wb-headset">
		<ctl name="HPOUT2L Impedance Volume" value="112" />
		<ctl name="HPOUT2R Impedance Volume" value="112" />
		<ctl name="HPOUT2L Input 1 Volume" value="32" />
		<ctl name="HPOUT2R Input 1 Volume" value="32" />
	</path>

	<path name="gain-volte_vt_cp_wb-headphone">
		<ctl name="HPOUT2L Impedance Volume" value="112" />
		<ctl name="HPOUT2R Impedance Volume" value="112" />
		<ctl name="HPOUT2L Input 1 Volume" value="32" />
		<ctl name="HPOUT2R Input 1 Volume" value="32" />
	</path>

	<path name="gain-volte_vt_cp_wb-bt-sco-headset">
	</path>

	<!-- EVS volume -->
	<path name="gain-volte_cp_evs-handset">
		<ctl name="HPOUT3L Input 1 Volume" value="32" />
		<ctl name="HPOUT3R Input 1 Volume" value="32" />
	</path>

	<path name="gain-volte_cp_evs-speaker">
	</path>

	<path name="gain-volte_cp_evs-dex-speaker">
	</path>

	<path name="gain-volte_cp_evs-headset">
		<ctl name="HPOUT2L Impedance Volume" value="116" />
		<ctl name="HPOUT2R Impedance Volume" value="116" />
		<ctl name="HPOUT2L Input 1 Volume" value="32" />
		<ctl name="HPOUT2R Input 1 Volume" value="32" />
	</path>

	<path name="gain-volte_cp_evs-headphone">
		<ctl name="HPOUT2L Impedance Volume" value="116" />
		<ctl name="HPOUT2R Impedance Volume" value="116" />
		<ctl name="HPOUT2L Input 1 Volume" value="32" />
		<ctl name="HPOUT2R Input 1 Volume" value="32" />
	</path>

	<path name="gain-volte_cp_evs-bt-sco-headset">
	</path>

	<!-- EVS VT volume -->
	<path name="gain-volte_vt_cp_evs-handset">
		<ctl name="HPOUT3L Input 1 Volume" value="32" />
		<ctl name="HPOUT3R Input 1 Volume" value="32" />
	</path>

	<path name="gain-volte_vt_cp_evs-speaker">
	</path>

	<path name="gain-volte_vt_cp_evs-dex-speaker">
	</path>

	<path name="gain-volte_vt_cp_evs-headset">
		<ctl name="HPOUT2L Impedance Volume" value="116" />
		<ctl name="HPOUT2R Impedance Volume" value="116" />
		<ctl name="HPOUT2L Input 1 Volume" value="32" />
		<ctl name="HPOUT2R Input 1 Volume" value="32" />
	</path>

	<path name="gain-volte_vt_cp_evs-headphone">
		<ctl name="HPOUT2L Impedance Volume" value="116" />
		<ctl name="HPOUT2R Impedance Volume" value="116" />
		<ctl name="HPOUT2L Input 1 Volume" value="32" />
		<ctl name="HPOUT2R Input 1 Volume" value="32" />
	</path>

	<path name="gain-volte_vt_cp_evs-bt-sco-headset">
	</path>

	<!-- CP Call Output volume -->
	<!-- NB volume -->
	<path name="gain-incall_nb-handset">
		<ctl name="HPOUT3L Input 1 Volume" value="32" />
		<ctl name="HPOUT3R Input 1 Volume" value="32" />
	</path>

	<path name="gain-incall_nb-speaker">
	</path>

	<path name="gain-incall_nb-dex-speaker">
	</path>

	<path name="gain-incall_nb-headset">
		<ctl name="HPOUT2L Impedance Volume" value="106" />
		<ctl name="HPOUT2R Impedance Volume" value="106" />
		<ctl name="HPOUT2L Input 1 Volume" value="32" />
		<ctl name="HPOUT2R Input 1 Volume" value="32" />
	</path>

	<path name="gain-incall_nb-headphone">
		<ctl name="HPOUT2L Impedance Volume" value="106" />
		<ctl name="HPOUT2R Impedance Volume" value="106" />
		<ctl name="HPOUT2L Input 1 Volume" value="32" />
		<ctl name="HPOUT2R Input 1 Volume" value="32" />
	</path>

	<path name="gain-incall_nb-bt-sco-headset">
	</path>

	<!-- WB volume -->
	<path name="gain-incall_wb-handset">
		<ctl name="HPOUT3L Input 1 Volume" value="32" />
		<ctl name="HPOUT3R Input 1 Volume" value="32" />
	</path>

	<path name="gain-incall_wb-speaker">
	</path>

	<path name="gain-incall_wb-dex-speaker">
	</path>

	<path name="gain-incall_wb-headset">
		<ctl name="HPOUT2L Impedance Volume" value="112" />
		<ctl name="HPOUT2R Impedance Volume" value="112" />
		<ctl name="HPOUT2L Input 1 Volume" value="32" />
		<ctl name="HPOUT2R Input 1 Volume" value="32" />
	</path>

	<path name="gain-incall_wb-headphone">
		<ctl name="HPOUT2L Impedance Volume" value="112" />
		<ctl name="HPOUT2R Impedance Volume" value="112" />
		<ctl name="HPOUT2L Input 1 Volume" value="32" />
		<ctl name="HPOUT2R Input 1 Volume" value="32" />
	</path>

	<path name="gain-incall_wb-bt-sco-headset">
	</path>

	<!-- Loopback (no delay) volume -->
	<path name="gain-loopback-headset">
		<ctl name="HPOUT2L Impedance Volume" value="110" />
		<ctl name="HPOUT2R Impedance Volume" value="110" />
		<ctl name="HPOUT2L Input 1 Volume" value="32" />
		<ctl name="HPOUT2R Input 1 Volume" value="32" />
	</path>

	<!-- Packet Loopback output volume-->
	<path name="gain-loopback_packet-handset">
		<ctl name="HPOUT3L Input 1 Volume" value="32" />
		<ctl name="HPOUT3R Input 1 Volume" value="32" />
	</path>

	<path name="gain-loopback_packet-speaker">
	</path>

	<path name="gain-loopback_packet-headset">
		<ctl name="HPOUT2L Impedance Volume" value="112" />
		<ctl name="HPOUT2R Impedance Volume" value="112" />
		<ctl name="HPOUT2L Input 1 Volume" value="32" />
		<ctl name="HPOUT2R Input 1 Volume" value="32" />
	</path>

	<!-- Realtime Loopback output volume-->
	<path name="gain-realtimeloopback-handset">
		<ctl name="HPOUT3L Input 1 Volume" value="28" />
		<ctl name="HPOUT3R Input 1 Volume" value="28" />
	</path>

	<path name="gain-realtimeloopback-speaker">
	</path>

	<path name="gain-realtimeloopback-headset">
		<ctl name="HPOUT2L Impedance Volume" value="107" />
		<ctl name="HPOUT2R Impedance Volume" value="107" />
		<ctl name="HPOUT2L Input 1 Volume" value="32" />
		<ctl name="HPOUT2R Input 1 Volume" value="32" />
	</path>

	<path name="gain-realtimeloopback-bt-sco-headset">
	</path>

	<!-- TTY Mode volume-->
	<path name="gain-tty_mode-handset">
		<ctl name="HPOUT3L Input 1 Volume" value="32" />
		<ctl name="HPOUT3R Input 1 Volume" value="32" />
	</path>

	<path name="gain-tty_mode-headset">
		<ctl name="HPOUT2L Impedance Volume" value="105" />
		<ctl name="HPOUT2R Impedance Volume" value="105" />
		<ctl name="HPOUT2L Input 1 Volume" value="32" />
		<ctl name="HPOUT2R Input 1 Volume" value="32" />
	</path>

	<path name="gain-tty_mode-headphone">
		<ctl name="HPOUT2L Impedance Volume" value="105" />
		<ctl name="HPOUT2R Impedance Volume" value="105" />
		<ctl name="HPOUT2L Input 1 Volume" value="32" />
		<ctl name="HPOUT2R Input 1 Volume" value="32" />
	</path>

	<!-- AP TTY Mode volume-->
	<path name="gain-ap_tty_mode-handset">
		<ctl name="HPOUT3L Input 1 Volume" value="32" />
		<ctl name="HPOUT3R Input 1 Volume" value="32" />
	</path>

	<path name="gain-ap_tty_mode-headset">
		<ctl name="HPOUT2L Impedance Volume" value="105" />
		<ctl name="HPOUT2R Impedance Volume" value="105" />
		<ctl name="HPOUT2L Input 1 Volume" value="32" />
		<ctl name="HPOUT2R Input 1 Volume" value="32" />
	</path>

	<path name="gain-ap_tty_mode-headphone">
		<ctl name="HPOUT2L Impedance Volume" value="105" />
		<ctl name="HPOUT2R Impedance Volume" value="105" />
		<ctl name="HPOUT2L Input 1 Volume" value="32" />
		<ctl name="HPOUT2R Input 1 Volume" value="32" />
	</path>

	<!-- echo(rms) test output volume -->
	<path name="gain-echo_test-handset">
		<ctl name="HPOUT3L Input 1 Volume" value="23" />
		<ctl name="HPOUT3R Input 1 Volume" value="23" />
	</path>

	<path name="gain-echo_test-speaker">
	</path>

	<!-- call forwarding output volume -->
	<path name="gain-call_forwarding_master">
		<!-- we use default volume -->
	</path>

	<path name="gain-call_forwarding_slave-handset">
		<ctl name="HPOUT3L Input 1 Volume" value="32" />
		<ctl name="HPOUT3R Input 1 Volume" value="32" />
	</path>

	<path name="gain-call_forwarding_slave-speaker">
	</path>

	<path name="gain-call_forwarding_slave-dex-speaker">
	</path>

	<path name="gain-call_forwarding_slave-headset">
		<ctl name="HPOUT2L Impedance Volume" value="106" />
		<ctl name="HPOUT2R Impedance Volume" value="106" />
		<ctl name="HPOUT2L Input 1 Volume" value="32" />
		<ctl name="HPOUT2R Input 1 Volume" value="32" />
	</path>

	<path name="gain-call_forwarding_slave-headphone">
		<ctl name="HPOUT2L Impedance Volume" value="106" />
		<ctl name="HPOUT2R Impedance Volume" value="106" />
		<ctl name="HPOUT2L Input 1 Volume" value="32" />
		<ctl name="HPOUT2R Input 1 Volume" value="32" />
	</path>

	<path name="gain-call_forwarding_slave-bt-sco-headset">
	</path>

	<!-- Spectro Scenario volume -->
	<path name="gain-call_spectro">
		<ctl name="HPOUT3L Input 1 Volume" value="32" />
		<ctl name="HPOUT3R Input 1 Volume" value="32" />
	</path>

	<path name="gain-call_spectro-mic">
		<ctl name="IN3L Digital Volume" value="146" />
	</path>
	<!-- end of Spectro Scenario -->

	<!-- Input stage volume -->
	<!-- media input volume -->
	<path name="gain-media-mic">
		<ctl name="IN3L Digital Volume" value="88" />
	</path>

	<path name="gain-media-2nd-mic">
		<ctl name="IN2L Volume" value="0" />
		<ctl name="IN2L Digital Volume" value="122" />
	</path>

	<path name="gain-media-headset-mic">
		<ctl name="IN1L Volume" value="24" />
		<ctl name="IN1L Digital Volume" value="80" />
	</path>

	<path name="gain-media-headphone-mic">
		<ctl name="IN3L Digital Volume" value="108" />
	</path>

	<path name="gain-media-bt-sco-headset-in">
	</path>

	<!-- camcorder input volume -->
	<path name="gain-camcorder-mic">
		<ctl name="IN3L Digital Volume" value="124" />
	</path>

	<path name="gain-camcorder-2nd-mic">
		<ctl name="IN2L Volume" value="0" />
		<ctl name="IN2L Digital Volume" value="124" />
	</path>

	<path name="gain-camcorder-dualmic">
		<ctl name="IN3L Digital Volume" value="124" />
		<ctl name="IN2L Volume" value="0" />
		<ctl name="IN2L Digital Volume" value="124" />
	</path>

	<path name="gain-camcorder-headset-mic">
		<ctl name="IN1L Volume" value="8" />
		<ctl name="IN1L Digital Volume" value="128" />
	</path>

	<path name="gain-camcorder-headphone-mic">
		<ctl name="IN3L Digital Volume" value="145" />
		<ctl name="IN2L Volume" value="0" />
		<ctl name="IN2L Digital Volume" value="145" />
	</path>

	<!-- voice recording input volume -->
	<path name="gain-recording-mic">
		<ctl name="IN3L Digital Volume" value="122" />
	</path>

	<path name="gain-recording-2nd-mic">
		<ctl name="IN2L Volume" value="0" />
		<ctl name="IN2L Digital Volume" value="122" />
	</path>

	<path name="gain-recording-dualmic">
		<ctl name="IN3L Digital Volume" value="122" />
		<ctl name="IN2L Volume" value="0" />
		<ctl name="IN2L Digital Volume" value="122" />
	</path>

	<path name="gain-recording-headset-mic">
		<ctl name="IN1L Volume" value="8" />
		<ctl name="IN1L Digital Volume" value="128" />
	</path>

	<path name="gain-recording-headphone-mic">
		<ctl name="IN3L Digital Volume" value="145" />
	</path>

	<path name="gain-recording-bt-sco-headset-in">
	</path>

	<!-- jam voice recording input volume -->
	<path name="gain-recording-jam-mic">
		<ctl name="IN3L Digital Volume" value="140" />
		<ctl name="IN2L Volume" value="0" />
		<ctl name="IN2L Digital Volume" value="140" />
	</path>

	<path name="gain-recording-jam-headset-mic">
		<ctl name="IN1L Volume" value="31" />
		<ctl name="IN1L Digital Volume" value="128" />
	</path>

	<!-- interview input volume -->
	<path name="gain-interview-mic">
		<ctl name="IN3L Digital Volume" value="147" />
		<ctl name="IN2L Volume" value="0" />
		<ctl name="IN2L Digital Volume" value="147" />
	</path>

	<!-- meeting input volume -->
	<path name="gain-meeting-mic">
		<!-- TODO: We will make this -->
	</path>

	<!-- lpsd control input volume -->
	<path name="gain-lpsd_control-mic">
	</path>

	<!-- voice control input volume -->
	<path name="gain-voice_control-mic">
	</path>

	<path name="gain-voice_control-headset-mic">
		<ctl name="IN1L Volume" value="31" />
		<ctl name="IN1L Digital Volume" value="128" />
	</path>

	<path name="gain-vts_recording-mic">
	</path>

	<path name="gain-vts_recording-headset-mic">
		<ctl name="IN1L Volume" value="31" />
		<ctl name="IN1L Digital Volume" value="128" />
	</path>

	<!-- voice_control_with_okgoogle input volume -->
	<path name="gain-voice_control_with_okgoogle-mic">
	</path>

	<!-- voice_control_with_okgoogle input volume -->
	<path name="gain-voice_control_with_okgoogle-headset-mic">
		<ctl name="IN1L Volume" value="31" />
		<ctl name="IN1L Digital Volume" value="128" />
	</path>

	<!-- recognition input volume -->
	<path name="gain-recognition-mic">
		<ctl name="IN3L Digital Volume" value="168" />
	</path>

	<path name="gain-recognition-2nd-mic">
		<ctl name="IN2L Volume" value="0" />
		<ctl name="IN2L Digital Volume" value="122" />
	</path>

	<path name="gain-recognition-headset-mic">
		<ctl name="IN1L Volume" value="31" />
		<ctl name="IN1L Digital Volume" value="133" />
	</path>

	<path name="gain-recognition-headphone-mic">
		<ctl name="IN3L Digital Volume" value="168" />
	</path>

	<path name="gain-recognition-bt-sco-headset-in">
	</path>

	<!-- bargein samsung input volume -->
	<path name="gain-bargein_samsung_engine-mic">
		<ctl name="IN3L Digital Volume" value="118" />
		<ctl name="IN2L Volume" value="0" />
		<ctl name="IN2L Digital Volume" value="168" />
	</path>

	<path name="gain-bargein_samsung_engine-headset-mic">
		<ctl name="IN1L Volume" value="24" />
		<ctl name="IN1L Digital Volume" value="128" />
	</path>

	<path name="gain-bargein_samsung_engine-bt-sco-headset-in">
	</path>

	<!-- bargein external input volume-->
	<path name="gain-bargein_external_engine-mic">
		<ctl name="IN3L Digital Volume" value="118" />
		<ctl name="IN2L Volume" value="0" />
		<ctl name="IN2L Digital Volume" value="162" />
	</path>

	<path name="gain-bargein_external_engine-headset-mic">
		<ctl name="IN1L Volume" value="24" />
		<ctl name="IN1L Digital Volume" value="128" />
	</path>

	<path name="gain-bargein_external_engine-bt-sco-headset-in">
	</path>

	<!-- svoice/carmode samsung input volume -->
	<path name="gain-dualmic_samsung_engine-mic">
		<ctl name="IN3L Digital Volume" value="168" />
		<ctl name="IN2L Volume" value="0" />
		<ctl name="IN2L Digital Volume" value="168" />
	</path>

	<path name="gain-dualmic_samsung_engine-headset-mic">
		<ctl name="IN1L Volume" value="31" />
		<ctl name="IN1L Digital Volume" value="133" />
	</path>

	<path name="gain-dualmic_samsung_engine-bt-sco-headset-in">
	</path>

	<!-- svoice/carmode external input volume -->
	<path name="gain-dualmic_external_engine-mic">
		<ctl name="IN3L Digital Volume" value="168" />
		<ctl name="IN2L Volume" value="0" />
		<ctl name="IN2L Digital Volume" value="168" />
	</path>

	<path name="gain-dualmic_external_engine-headset-mic">
		<ctl name="IN1L Volume" value="31" />
		<ctl name="IN1L Digital Volume" value="133" />
	</path>

	<path name="gain-dualmic_external_engine-bt-sco-headset-in">
	</path>

	<!-- communication input volume -->
	<path name="gain-communication-handset-mic">
		<ctl name="IN3L Digital Volume" value="160" />
		<ctl name="IN2L Volume" value="0" />
		<ctl name="IN2L Digital Volume" value="160" />
	</path>

	<path name="gain-communication-speaker-mic">
		<ctl name="IN3L Digital Volume" value="160" />
		<ctl name="IN2L Volume" value="0" />
		<ctl name="IN2L Digital Volume" value="160" />
	</path>

	<path name="gain-communication-dex-speaker-mic">
		<ctl name="IN3L Digital Volume" value="172" />
		<ctl name="IN2L Volume" value="0" />
		<ctl name="IN2L Digital Volume" value="172" />
	</path>

	<path name="gain-communication-headset-mic">
		<ctl name="IN1L Volume" value="31" />
		<ctl name="IN1L Digital Volume" value="140" />
	</path>

	<path name="gain-communication-headphone-mic">
		<ctl name="IN3L Digital Volume" value="160" />
	</path>

	<path name="gain-communication-bt-sco-headset-in">
	</path>

	<path name="gain-communication-bt-sco-nrec-headset-in">
	</path>

	<!-- samsung voip input volume -->
	<path name="gain-samsung_voip-handset-mic">
		<ctl name="IN3L Digital Volume" value="140" />
		<ctl name="IN2L Volume" value="0" />
		<ctl name="IN2L Digital Volume" value="140" />
	</path>

	<path name="gain-samsung_voip-speaker-mic">
		<ctl name="IN3L Digital Volume" value="140" />
		<ctl name="IN2L Volume" value="0" />
		<ctl name="IN2L Digital Volume" value="140" />
	</path>

	<path name="gain-samsung_voip-dex-speaker-mic">
		<ctl name="IN3L Digital Volume" value="140" />
		<ctl name="IN2L Volume" value="0" />
		<ctl name="IN2L Digital Volume" value="140" />
	</path>

	<path name="gain-samsung_voip-headset-mic">
		<ctl name="IN1L Volume" value="31" />
		<ctl name="IN1L Digital Volume" value="128" />
	</path>

	<path name="gain-samsung_voip-headphone-mic">
		<ctl name="IN3L Digital Volume" value="140" />
	</path>

	<path name="gain-samsung_voip-bt-sco-headset-in">
	</path>

	<path name="gain-samsung_voip-bt-sco-nrec-headset-in">
	</path>

	<!-- samsung voip fmc input volume -->
	<path name="gain-samsung_voip_fmc-handset-mic">
		<ctl name="IN3L Digital Volume" value="140" />
		<ctl name="IN2L Volume" value="0" />
		<ctl name="IN2L Digital Volume" value="140" />
	</path>

	<path name="gain-samsung_voip_fmc-speaker-mic">
		<ctl name="IN3L Digital Volume" value="140" />
		<ctl name="IN2L Volume" value="0" />
		<ctl name="IN2L Digital Volume" value="140" />
	</path>

	<path name="gain-samsung_voip_fmc-dex-speaker-mic">
		<ctl name="IN3L Digital Volume" value="140" />
		<ctl name="IN2L Volume" value="0" />
		<ctl name="IN2L Digital Volume" value="140" />
	</path>

	<path name="gain-samsung_voip_fmc-headset-mic">
		<ctl name="IN1L Volume" value="31" />
		<ctl name="IN1L Digital Volume" value="128" />
	</path>

	<path name="gain-samsung_voip_fmc-headphone-mic">
		<ctl name="IN3L Digital Volume" value="140" />
	</path>

	<path name="gain-samsung_voip_fmc-bt-sco-headset-in">
	</path>

	<path name="gain-samsung_voip_fmc-bt-sco-nrec-headset-in">
	</path>

	<!-- voip input volume -->
	<path name="gain-voip-handset-mic">
		<ctl name="IN3L Digital Volume" value="158" />
	</path>

	<path name="gain-voip-speaker-mic">
		<ctl name="IN2L Volume" value="0" />
		<ctl name="IN2L Digital Volume" value="158" />
	</path>

	<path name="gain-voip-dex-speaker-mic">
		<ctl name="IN2L Volume" value="0" />
		<ctl name="IN2L Digital Volume" value="158" />
	</path>

	<path name="gain-voip-headset-mic">
		<ctl name="IN1L Volume" value="31" />
		<ctl name="IN1L Digital Volume" value="140" />
	</path>

	<path name="gain-voip-headphone-mic">
		<ctl name="IN3L Digital Volume" value="158" />
	</path>

	<path name="gain-voip-bt-sco-headset-in">
	</path>

	<path name="gain-voip-bt-sco-nrec-headset-in">
	</path>

	<!-- wificall nb input volume -->
	<path name="gain-wificall_nb-handset-mic">
		<ctl name="IN3L Digital Volume" value="140" />
		<ctl name="IN2L Volume" value="0" />
		<ctl name="IN2L Digital Volume" value="140" />
	</path>

	<path name="gain-wificall_nb-speaker-mic">
		<ctl name="IN3L Digital Volume" value="140" />
		<ctl name="IN2L Volume" value="0" />
		<ctl name="IN2L Digital Volume" value="140" />
	</path>

	<path name="gain-wificall_nb-dex-speaker-mic">
		<ctl name="IN3L Digital Volume" value="140" />
		<ctl name="IN2L Volume" value="0" />
		<ctl name="IN2L Digital Volume" value="140" />
	</path>

	<path name="gain-wificall_nb-headset-mic">
		<ctl name="IN1L Volume" value="20" />
		<ctl name="IN1L Digital Volume" value="128" />
	</path>

	<path name="gain-wificall_nb-headphone-mic">
		<ctl name="IN3L Digital Volume" value="140" />
	</path>

	<path name="gain-wificall_nb-bt-sco-headset-in">
	</path>

	<path name="gain-wificall_nb-bt-sco-nrec-headset-in">
	</path>

	<!-- wificall wb input volume -->
	<path name="gain-wificall_wb-handset-mic">
		<ctl name="IN3L Digital Volume" value="140" />
		<ctl name="IN2L Volume" value="0" />
		<ctl name="IN2L Digital Volume" value="140" />
	</path>

	<path name="gain-wificall_wb-speaker-mic">
		<ctl name="IN3L Digital Volume" value="140" />
		<ctl name="IN2L Volume" value="0" />
		<ctl name="IN2L Digital Volume" value="140" />
	</path>

	<path name="gain-wificall_wb-dex-speaker-mic">
		<ctl name="IN3L Digital Volume" value="140" />
		<ctl name="IN2L Volume" value="0" />
		<ctl name="IN2L Digital Volume" value="140" />
	</path>

	<path name="gain-wificall_wb-headset-mic">
		<ctl name="IN1L Volume" value="20" />
		<ctl name="IN1L Digital Volume" value="128" />
	</path>

	<path name="gain-wificall_wb-headphone-mic">
		<ctl name="IN3L Digital Volume" value="140" />
	</path>

	<path name="gain-wificall_wb-bt-sco-headset-in">
	</path>

	<path name="gain-wificall_wb-bt-sco-nrec-headset-in">
	</path>

	<!-- wificall evs input volume -->
	<path name="gain-wificall_evs-handset-mic">
		<ctl name="IN3L Digital Volume" value="140" />
		<ctl name="IN2L Volume" value="0" />
		<ctl name="IN2L Digital Volume" value="140" />
	</path>

	<path name="gain-wificall_evs-speaker-mic">
		<ctl name="IN3L Digital Volume" value="140" />
		<ctl name="IN2L Volume" value="0" />
		<ctl name="IN2L Digital Volume" value="140" />
	</path>

	<path name="gain-wificall_evs-dex-speaker-mic">
		<ctl name="IN3L Digital Volume" value="140" />
		<ctl name="IN2L Volume" value="0" />
		<ctl name="IN2L Digital Volume" value="140" />
	</path>

	<path name="gain-wificall_evs-headset-mic">
		<ctl name="IN1L Volume" value="20" />
		<ctl name="IN1L Digital Volume" value="128" />
	</path>

	<path name="gain-wificall_evs-headphone-mic">
		<ctl name="IN3L Digital Volume" value="140" />
	</path>

	<path name="gain-wificall_evs-bt-sco-headset-in">
	</path>

	<path name="gain-wificall_evs-bt-sco-nrec-headset-in">
	</path>

	<!-- Video call input volume -->
	<path name="gain-video_call-handset-mic">
		<ctl name="IN3L Digital Volume" value="140" />
		<ctl name="IN2L Volume" value="0" />
		<ctl name="IN2L Digital Volume" value="140" />
	</path>

	<path name="gain-video_call-speaker-mic">
		<ctl name="IN3L Digital Volume" value="140" />
		<ctl name="IN2L Volume" value="0" />
		<ctl name="IN2L Digital Volume" value="140" />
	</path>

	<path name="gain-video_call-dex-speaker-mic">
		<ctl name="IN3L Digital Volume" value="140" />
		<ctl name="IN2L Volume" value="0" />
		<ctl name="IN2L Digital Volume" value="140" />
	</path>

	<path name="gain-video_call-headset-mic">
		<ctl name="IN1L Volume" value="20" />
		<ctl name="IN1L Digital Volume" value="128" />
	</path>

	<path name="gain-video_call-headphone-mic">
		<ctl name="IN3L Digital Volume" value="140" />
	</path>

	<path name="gain-video_call-bt-sco-headset-in">
	</path>

	<path name="gain-video_call-bt-sco-nrec-headset-in">
	</path>

	<!-- VoLTE VT CP NB input volume -->
	<path name="gain-volte_vt_cp_nb-handset-mic">
		<ctl name="IN3L Digital Volume" value="140" />
		<ctl name="IN2L Volume" value="0" />
		<ctl name="IN2L Digital Volume" value="140" />
	</path>

	<path name="gain-volte_vt_cp_nb-speaker-mic">
		<ctl name="IN3L Digital Volume" value="140" />
		<ctl name="IN2L Volume" value="0" />
		<ctl name="IN2L Digital Volume" value="140" />
	</path>

	<path name="gain-volte_vt_cp_nb-dex-speaker-mic">
		<ctl name="IN3L Digital Volume" value="140" />
		<ctl name="IN2L Volume" value="0" />
		<ctl name="IN2L Digital Volume" value="140" />
	</path>

	<path name="gain-volte_vt_cp_nb-headset-mic">
		<ctl name="IN1L Volume" value="20" />
		<ctl name="IN1L Digital Volume" value="128" />
	</path>

	<path name="gain-volte_vt_cp_nb-headphone-mic">
		<ctl name="IN3L Digital Volume" value="140" />
		<ctl name="IN2L Volume" value="0" />
		<ctl name="IN2L Digital Volume" value="140" />
	</path>

	<path name="gain-volte_vt_cp_nb-bt-sco-headset-in">
	</path>

	<!-- VoLTE CP NB input volume -->
	<path name="gain-volte_cp_nb-handset-mic">
		<ctl name="IN3L Digital Volume" value="140" />
		<ctl name="IN2L Volume" value="0" />
		<ctl name="IN2L Digital Volume" value="140" />
	</path>

	<path name="gain-volte_cp_nb-speaker-mic">
		<ctl name="IN3L Digital Volume" value="140" />
		<ctl name="IN2L Volume" value="0" />
		<ctl name="IN2L Digital Volume" value="140" />
	</path>

	<path name="gain-volte_cp_nb-dex-speaker-mic">
		<ctl name="IN3L Digital Volume" value="140" />
		<ctl name="IN2L Volume" value="0" />
		<ctl name="IN2L Digital Volume" value="140" />
	</path>

	<path name="gain-volte_cp_nb-headset-mic">
		<ctl name="IN1L Volume" value="20" />
		<ctl name="IN1L Digital Volume" value="128" />
	</path>

	<path name="gain-volte_cp_nb-headphone-mic">
		<ctl name="IN3L Digital Volume" value="140" />
		<ctl name="IN2L Volume" value="0" />
		<ctl name="IN2L Digital Volume" value="140" />
	</path>

	<path name="gain-volte_cp_nb-bt-sco-headset-in">
	</path>

	<!-- VoLTE CP WB input volume -->
	<path name="gain-volte_cp_wb-handset-mic">
		<ctl name="IN3L Digital Volume" value="140" />
		<ctl name="IN2L Volume" value="0" />
		<ctl name="IN2L Digital Volume" value="140" />
	</path>

	<path name="gain-volte_cp_wb-speaker-mic">
		<ctl name="IN3L Digital Volume" value="140" />
		<ctl name="IN2L Volume" value="0" />
		<ctl name="IN2L Digital Volume" value="140" />
	</path>

	<path name="gain-volte_cp_wb-dex-speaker-mic">
		<ctl name="IN3L Digital Volume" value="140" />
		<ctl name="IN2L Volume" value="0" />
		<ctl name="IN2L Digital Volume" value="140" />
	</path>

	<path name="gain-volte_cp_wb-headset-mic">
		<ctl name="IN1L Volume" value="20" />
		<ctl name="IN1L Digital Volume" value="128" />
	</path>

	<path name="gain-volte_cp_wb-headphone-mic">
		<ctl name="IN3L Digital Volume" value="140" />
		<ctl name="IN2L Volume" value="0" />
		<ctl name="IN2L Digital Volume" value="140" />
	</path>

	<path name="gain-volte_cp_wb-bt-sco-headset-in">
	</path>

	<!-- VoLTE VT CP WB input volume -->
	<path name="gain-volte_vt_cp_wb-handset-mic">
		<ctl name="IN3L Digital Volume" value="140" />
		<ctl name="IN2L Volume" value="0" />
		<ctl name="IN2L Digital Volume" value="140" />
	</path>

	<path name="gain-volte_vt_cp_wb-speaker-mic">
		<ctl name="IN3L Digital Volume" value="140" />
		<ctl name="IN2L Volume" value="0" />
		<ctl name="IN2L Digital Volume" value="140" />
	</path>

	<path name="gain-volte_vt_cp_wb-dex-speaker-mic">
		<ctl name="IN3L Digital Volume" value="140" />
		<ctl name="IN2L Volume" value="0" />
		<ctl name="IN2L Digital Volume" value="140" />
	</path>

	<path name="gain-volte_vt_cp_wb-headset-mic">
		<ctl name="IN1L Volume" value="20" />
		<ctl name="IN1L Digital Volume" value="128" />
	</path>

	<path name="gain-volte_vt_cp_wb-headphone-mic">
		<ctl name="IN3L Digital Volume" value="140" />
		<ctl name="IN2L Volume" value="0" />
		<ctl name="IN2L Digital Volume" value="140" />
	</path>

	<path name="gain-volte_vt_cp_wb-bt-sco-headset-in">
	</path>

	<!-- EVS Input volume -->
	<path name="gain-volte_cp_evs-handset-mic">
		<ctl name="EQ1 Coefficients" value="0 0 15 205 4 3 0 204 14 93 253 229 4 10 55 7 9 220 1 12 4 78 63 93 14 133 249 250 4 10 39 131 4 219 5 55 64 0 0 0" />
		<ctl name="EQ1 B1 Volume" value="12" />
		<ctl name="EQ1 B2 Volume" value="12" />
		<ctl name="EQ1 B3 Volume" value="12" />
		<ctl name="EQ1 B4 Volume" value="0" />
		<ctl name="EQ1 B5 Volume" value="0" />
		<ctl name="EQ2 Coefficients" value="0 0 15 205 4 3 0 204 14 93 253 229 4 10 55 7 9 220 1 12 4 78 63 93 14 133 249 250 4 10 39 131 4 219 5 55 64 0 0 0" />
		<ctl name="EQ2 B1 Volume" value="12" />
		<ctl name="EQ2 B2 Volume" value="12" />
		<ctl name="EQ2 B3 Volume" value="12" />
		<ctl name="EQ2 B4 Volume" value="0" />
		<ctl name="EQ2 B5 Volume" value="0" />
		<ctl name="IN3L Digital Volume" value="140" />
		<ctl name="IN2L Volume" value="0" />
		<ctl name="IN2L Digital Volume" value="140" />
	</path>

	<path name="gain-volte_cp_evs-speaker-mic">
		<ctl name="EQ3 Coefficients" value="0 0 15 205 4 3 0 204 14 93 253 229 4 10 55 7 9 220 1 12 4 78 63 93 14 133 249 250 4 10 39 131 4 219 5 55 64 0 0 0" />
		<ctl name="EQ3 B1 Volume" value="12" />
		<ctl name="EQ3 B2 Volume" value="12" />
		<ctl name="EQ3 B3 Volume" value="12" />
		<ctl name="EQ3 B4 Volume" value="1" />
		<ctl name="EQ3 B5 Volume" value="0" />
		<ctl name="EQ4 Coefficients" value="0 0 15 205 4 3 0 204 14 93 253 229 4 10 55 7 9 220 1 12 4 78 63 93 14 133 249 250 4 10 39 131 4 219 5 55 64 0 0 0" />
		<ctl name="EQ4 B1 Volume" value="12" />
		<ctl name="EQ4 B2 Volume" value="12" />
		<ctl name="EQ4 B3 Volume" value="12" />
		<ctl name="EQ4 B4 Volume" value="1" />
		<ctl name="EQ4 B5 Volume" value="0" />
		<ctl name="IN3L Digital Volume" value="140" />
		<ctl name="IN2L Volume" value="0" />
		<ctl name="IN2L Digital Volume" value="140" />
	</path>

	<path name="gain-volte_cp_evs-dex-speaker-mic">
		<ctl name="EQ3 Coefficients" value="0 0 15 205 4 3 0 204 14 93 253 229 4 10 55 7 9 220 1 12 4 78 63 93 14 133 249 250 4 10 39 131 4 219 5 55 64 0 0 0" />
		<ctl name="EQ3 B1 Volume" value="12" />
		<ctl name="EQ3 B2 Volume" value="12" />
		<ctl name="EQ3 B3 Volume" value="12" />
		<ctl name="EQ3 B4 Volume" value="1" />
		<ctl name="EQ3 B5 Volume" value="0" />
		<ctl name="EQ4 Coefficients" value="0 0 15 205 4 3 0 204 14 93 253 229 4 10 55 7 9 220 1 12 4 78 63 93 14 133 249 250 4 10 39 131 4 219 5 55 64 0 0 0" />
		<ctl name="EQ4 B1 Volume" value="12" />
		<ctl name="EQ4 B2 Volume" value="12" />
		<ctl name="EQ4 B3 Volume" value="12" />
		<ctl name="EQ4 B4 Volume" value="1" />
		<ctl name="EQ4 B5 Volume" value="0" />
		<ctl name="IN3L Digital Volume" value="140" />
		<ctl name="IN2L Volume" value="0" />
		<ctl name="IN2L Digital Volume" value="140" />
	</path>

	<path name="gain-volte_cp_evs-headset-mic">
		<ctl name="IN1L Volume" value="23" />
		<ctl name="IN1L Digital Volume" value="128" />
	</path>

	<path name="gain-volte_cp_evs-headphone-mic">
		<ctl name="EQ1 Coefficients" value="0 0 15 205 4 3 0 204 14 93 253 229 4 10 55 7 9 220 1 12 4 78 63 93 14 133 249 250 4 10 39 131 4 219 5 55 64 0 0 0" />
		<ctl name="EQ1 B1 Volume" value="12" />
		<ctl name="EQ1 B2 Volume" value="12" />
		<ctl name="EQ1 B3 Volume" value="12" />
		<ctl name="EQ1 B4 Volume" value="0" />
		<ctl name="EQ1 B5 Volume" value="0" />
		<ctl name="EQ2 Coefficients" value="0 0 15 205 4 3 0 204 14 93 253 229 4 10 55 7 9 220 1 12 4 78 63 93 14 133 249 250 4 10 39 131 4 219 5 55 64 0 0 0" />
		<ctl name="EQ2 B1 Volume" value="12" />
		<ctl name="EQ2 B2 Volume" value="12" />
		<ctl name="EQ2 B3 Volume" value="12" />
		<ctl name="EQ2 B4 Volume" value="0" />
		<ctl name="EQ2 B5 Volume" value="0" />
		<ctl name="IN3L Digital Volume" value="140" />
		<ctl name="IN2L Volume" value="0" />
		<ctl name="IN2L Digital Volume" value="140" />
	</path>

	<path name="gain-volte_cp_evs-bt-sco-headset-in">
	</path>

	<!-- EVS VT Input volume -->
	<path name="gain-volte_vt_cp_evs-handset-mic">
		<ctl name="EQ1 Coefficients" value="0 0 15 205 4 3 0 204 14 93 253 229 4 10 55 7 9 220 1 12 4 78 63 93 14 133 249 250 4 10 39 131 4 219 5 55 64 0 0 0" />
		<ctl name="EQ1 B1 Volume" value="12" />
		<ctl name="EQ1 B2 Volume" value="12" />
		<ctl name="EQ1 B3 Volume" value="12" />
		<ctl name="EQ1 B4 Volume" value="0" />
		<ctl name="EQ1 B5 Volume" value="0" />
		<ctl name="EQ2 Coefficients" value="0 0 15 205 4 3 0 204 14 93 253 229 4 10 55 7 9 220 1 12 4 78 63 93 14 133 249 250 4 10 39 131 4 219 5 55 64 0 0 0" />
		<ctl name="EQ2 B1 Volume" value="12" />
		<ctl name="EQ2 B2 Volume" value="12" />
		<ctl name="EQ2 B3 Volume" value="12" />
		<ctl name="EQ2 B4 Volume" value="0" />
		<ctl name="EQ2 B5 Volume" value="0" />
		<ctl name="IN3L Digital Volume" value="140" />
		<ctl name="IN2L Volume" value="0" />
		<ctl name="IN2L Digital Volume" value="140" />
	</path>

	<path name="gain-volte_vt_cp_evs-speaker-mic">
		<ctl name="EQ3 Coefficients" value="0 0 15 205 4 3 0 204 14 93 253 229 4 10 55 7 9 220 1 12 4 78 63 93 14 133 249 250 4 10 39 131 4 219 5 55 64 0 0 0" />
		<ctl name="EQ3 B1 Volume" value="12" />
		<ctl name="EQ3 B2 Volume" value="12" />
		<ctl name="EQ3 B3 Volume" value="12" />
		<ctl name="EQ3 B4 Volume" value="1" />
		<ctl name="EQ3 B5 Volume" value="0" />
		<ctl name="EQ4 Coefficients" value="0 0 15 205 4 3 0 204 14 93 253 229 4 10 55 7 9 220 1 12 4 78 63 93 14 133 249 250 4 10 39 131 4 219 5 55 64 0 0 0" />
		<ctl name="EQ4 B1 Volume" value="12" />
		<ctl name="EQ4 B2 Volume" value="12" />
		<ctl name="EQ4 B3 Volume" value="12" />
		<ctl name="EQ4 B4 Volume" value="1" />
		<ctl name="EQ4 B5 Volume" value="0" />
		<ctl name="IN3L Digital Volume" value="140" />
		<ctl name="IN2L Volume" value="0" />
		<ctl name="IN2L Digital Volume" value="140" />
	</path>

	<path name="gain-volte_vt_cp_evs-dex-speaker-mic">
		<ctl name="EQ3 Coefficients" value="0 0 15 205 4 3 0 204 14 93 253 229 4 10 55 7 9 220 1 12 4 78 63 93 14 133 249 250 4 10 39 131 4 219 5 55 64 0 0 0" />
		<ctl name="EQ3 B1 Volume" value="12" />
		<ctl name="EQ3 B2 Volume" value="12" />
		<ctl name="EQ3 B3 Volume" value="12" />
		<ctl name="EQ3 B4 Volume" value="1" />
		<ctl name="EQ3 B5 Volume" value="0" />
		<ctl name="EQ4 Coefficients" value="0 0 15 205 4 3 0 204 14 93 253 229 4 10 55 7 9 220 1 12 4 78 63 93 14 133 249 250 4 10 39 131 4 219 5 55 64 0 0 0" />
		<ctl name="EQ4 B1 Volume" value="12" />
		<ctl name="EQ4 B2 Volume" value="12" />
		<ctl name="EQ4 B3 Volume" value="12" />
		<ctl name="EQ4 B4 Volume" value="1" />
		<ctl name="EQ4 B5 Volume" value="0" />
		<ctl name="IN3L Digital Volume" value="140" />
		<ctl name="IN2L Volume" value="0" />
		<ctl name="IN2L Digital Volume" value="140" />
	</path>

	<path name="gain-volte_vt_cp_evs-headset-mic">
		<ctl name="IN1L Volume" value="23" />
		<ctl name="IN1L Digital Volume" value="128" />
	</path>

	<path name="gain-volte_vt_cp_evs-headphone-mic">
		<ctl name="EQ1 Coefficients" value="0 0 15 205 4 3 0 204 14 93 253 229 4 10 55 7 9 220 1 12 4 78 63 93 14 133 249 250 4 10 39 131 4 219 5 55 64 0 0 0" />
		<ctl name="EQ1 B1 Volume" value="12" />
		<ctl name="EQ1 B2 Volume" value="12" />
		<ctl name="EQ1 B3 Volume" value="12" />
		<ctl name="EQ1 B4 Volume" value="0" />
		<ctl name="EQ1 B5 Volume" value="0" />
		<ctl name="EQ2 Coefficients" value="0 0 15 205 4 3 0 204 14 93 253 229 4 10 55 7 9 220 1 12 4 78 63 93 14 133 249 250 4 10 39 131 4 219 5 55 64 0 0 0" />
		<ctl name="EQ2 B1 Volume" value="12" />
		<ctl name="EQ2 B2 Volume" value="12" />
		<ctl name="EQ2 B3 Volume" value="12" />
		<ctl name="EQ2 B4 Volume" value="0" />
		<ctl name="EQ2 B5 Volume" value="0" />
		<ctl name="IN3L Digital Volume" value="140" />
		<ctl name="IN2L Volume" value="0" />
		<ctl name="IN2L Digital Volume" value="140" />
	</path>

	<path name="gain-volte_vt_cp_evs-bt-sco-headset-in">
	</path>

	<!-- CP Call Input volume -->
	<!-- NB volume -->
	<path name="gain-incall_nb-handset-mic">
		<ctl name="IN3L Digital Volume" value="140" />
		<ctl name="IN2L Volume" value="0" />
		<ctl name="IN2L Digital Volume" value="140" />
	</path>

	<path name="gain-incall_nb-speaker-mic">
		<ctl name="IN3L Digital Volume" value="140" />
		<ctl name="IN2L Volume" value="0" />
		<ctl name="IN2L Digital Volume" value="140" />
	</path>

	<path name="gain-incall_nb-dex-speaker-mic">
		<ctl name="IN3L Digital Volume" value="140" />
		<ctl name="IN2L Volume" value="0" />
		<ctl name="IN2L Digital Volume" value="140" />
	</path>

	<path name="gain-incall_nb-headset-mic">
		<ctl name="IN1L Volume" value="20" />
		<ctl name="IN1L Digital Volume" value="128" />
	</path>

	<path name="gain-incall_nb-headphone-mic">
		<ctl name="IN3L Digital Volume" value="140" />
		<ctl name="IN2L Volume" value="0" />
		<ctl name="IN2L Digital Volume" value="140" />
	</path>

	<path name="gain-incall_nb-bt-sco-headset-in">
	</path>

	<!-- WB volume -->
	<path name="gain-incall_wb-handset-mic">
		<ctl name="IN3L Digital Volume" value="140" />
		<ctl name="IN2L Volume" value="0" />
		<ctl name="IN2L Digital Volume" value="140" />
	</path>

	<path name="gain-incall_wb-speaker-mic">
		<ctl name="IN3L Digital Volume" value="140" />
		<ctl name="IN2L Volume" value="0" />
		<ctl name="IN2L Digital Volume" value="140" />
	</path>

	<path name="gain-incall_wb-dex-speaker-mic">
		<ctl name="IN3L Digital Volume" value="140" />
		<ctl name="IN2L Volume" value="0" />
		<ctl name="IN2L Digital Volume" value="140" />
	</path>

	<path name="gain-incall_wb-headset-mic">
		<ctl name="IN1L Volume" value="20" />
		<ctl name="IN1L Digital Volume" value="128" />
	</path>

	<path name="gain-incall_wb-headphone-mic">
		<ctl name="IN3L Digital Volume" value="140" />
		<ctl name="IN2L Volume" value="0" />
		<ctl name="IN2L Digital Volume" value="140" />
	</path>

	<path name="gain-incall_wb-bt-sco-headset-in">
	</path>

	<!-- Loopback Input (no delay) -->
	<path name="gain-loopback-mic">
		<ctl name="IN3L Digital Volume" value="126" />
	</path>

	<path name="gain-loopback-2nd-mic">
		<ctl name="IN2L Volume" value="0" />
		<ctl name="IN2L Digital Volume" value="132" />
	</path>

	<!-- Packet Loopback Input -->
	<path name="gain-loopback_packet-mic">
		<ctl name="IN3L Digital Volume" value="136" />
	</path>

	<path name="gain-loopback_packet-2nd-mic">
		<ctl name="IN2L Volume" value="0" />
		<ctl name="IN2L Digital Volume" value="142" />
	</path>

	<path name="gain-loopback_packet-headset-mic">
		<ctl name="IN1L Volume" value="16" />
		<ctl name="IN1L Digital Volume" value="121" />
	</path>

	<path name="gain-loopback_packet-handset-dualmic">
		<ctl name="IN3L Digital Volume" value="138" />
		<ctl name="IN2L Volume" value="0" />
		<ctl name="IN2L Digital Volume" value="138" />
	</path>

	<path name="gain-loopback_packet-speaker-dualmic">
		<ctl name="IN3L Digital Volume" value="138" />
		<ctl name="IN2L Volume" value="0" />
		<ctl name="IN2L Digital Volume" value="138" />
	</path>

	<!-- Realtime Loopback Input -->
	<path name="gain-realtimeloopback-mic">
		<ctl name="IN3L Digital Volume" value="88" />
	</path>

	<path name="gain-realtimeloopback-2nd-mic">
		<ctl name="IN2L Volume" value="0" />
		<ctl name="IN2L Digital Volume" value="122" />
	</path>

	<path name="gain-realtimeloopback-headset-mic">
		<ctl name="IN1L Volume" value="24" />
		<ctl name="IN1L Digital Volume" value="80" />
	</path>

	<path name="gain-realtimeloopback-bt-sco-headset-in">
	</path>

	<!-- TTY Mode Input volume -->
	<path name="gain-tty_mode-vco-mic">
		<ctl name="IN3L Digital Volume" value="148" />
	</path>

	<path name="gain-tty_mode-full-mic">
		<ctl name="IN1L Volume" value="26" />
		<ctl name="IN1L Digital Volume" value="128" />
	</path>

	<path name="gain-tty_mode-hco-mic">
		<ctl name="IN1L Volume" value="26" />
		<ctl name="IN1L Digital Volume" value="128" />
	</path>

	<!-- AP TTY Mode Input volume -->
	<path name="gain-ap_tty_mode-vco-mic">
		<ctl name="IN3L Digital Volume" value="148" />
	</path>

	<path name="gain-ap_tty_mode-full-mic">
		<ctl name="IN1L Volume" value="26" />
		<ctl name="IN1L Digital Volume" value="128" />
	</path>

	<path name="gain-ap_tty_mode-hco-mic">
		<ctl name="IN1L Volume" value="26" />
		<ctl name="IN1L Digital Volume" value="128" />
	</path>

	<!-- call forwarding input volume -->
	<path name="gain-call_forwarding_master-mic">
		<!-- we use default volume -->
	</path>

	<path name="gain-call_forwarding_slave-handset-mic">
		<ctl name="IN3L Digital Volume" value="146" />
	</path>

	<path name="gain-call_forwarding_slave-speaker-mic">
		<ctl name="IN2L Volume" value="0" />
		<ctl name="IN2L Digital Volume" value="146" />
	</path>

	<path name="gain-call_forwarding_slave-dex-speaker-mic">
		<ctl name="IN2L Volume" value="0" />
		<ctl name="IN2L Digital Volume" value="146" />
	</path>

	<path name="gain-call_forwarding_slave-headset-mic">
		<ctl name="IN1L Volume" value="30" />
		<ctl name="IN1L Digital Volume" value="128" />
	</path>

	<path name="gain-call_forwarding_slave-headphone-mic">
		<ctl name="IN3L Digital Volume" value="146" />
	</path>

	<path name="gain-call_forwarding_slave-bt-sco-headset-in">
	</path>

	<!-- echo(rms) test input volume -->
	<path name="gain-echo_test-mic">
		<ctl name="IN3L Digital Volume" value="116" />
	</path>

	<path name="gain-echo_test-2nd-mic">
		<ctl name="IN2L Volume" value="0" />
		<ctl name="IN2L Digital Volume" value="126" />
	</path>

	<path name="gain-echo_test-dualmic">
		<ctl name="IN3L Digital Volume" value="137" />
		<ctl name="IN2L Volume" value="0" />
		<ctl name="IN2L Digital Volume" value="137" />
	</path>
</mixer>
